-- MySQL dump 10.13  Distrib 5.6.24, for debian-linux-gnu (x86_64)
--
-- Host: localhost    Database: LIGA_FUTBOL
-- ------------------------------------------------------
-- Server version	5.6.24-0ubuntu2

/*!40101 SET @OLD_CHARACTER_SET_CLIENT=@@CHARACTER_SET_CLIENT */;
/*!40101 SET @OLD_CHARACTER_SET_RESULTS=@@CHARACTER_SET_RESULTS */;
/*!40101 SET @OLD_COLLATION_CONNECTION=@@COLLATION_CONNECTION */;
/*!40101 SET NAMES utf8 */;
/*!40103 SET @OLD_TIME_ZONE=@@TIME_ZONE */;
/*!40103 SET TIME_ZONE='+00:00' */;
/*!40014 SET @OLD_UNIQUE_CHECKS=@@UNIQUE_CHECKS, UNIQUE_CHECKS=0 */;
/*!40014 SET @OLD_FOREIGN_KEY_CHECKS=@@FOREIGN_KEY_CHECKS, FOREIGN_KEY_CHECKS=0 */;
/*!40101 SET @OLD_SQL_MODE=@@SQL_MODE, SQL_MODE='NO_AUTO_VALUE_ON_ZERO' */;
/*!40111 SET @OLD_SQL_NOTES=@@SQL_NOTES, SQL_NOTES=0 */;

--
-- Table structure for table `Equipo`
--

DROP TABLE IF EXISTS `Equipo`;
/*!40101 SET @saved_cs_client     = @@character_set_client */;
/*!40101 SET character_set_client = utf8 */;
CREATE TABLE `Equipo` (
  `Nombre` varchar(30) NOT NULL,
  `Total_Puntos` int(10) NOT NULL,
  PRIMARY KEY (`Nombre`)
) ENGINE=InnoDB DEFAULT CHARSET=latin1;
/*!40101 SET character_set_client = @saved_cs_client */;

--
-- Dumping data for table `Equipo`
--

LOCK TABLES `Equipo` WRITE;
/*!40000 ALTER TABLE `Equipo` DISABLE KEYS */;
INSERT INTO `Equipo` VALUES ('America',26),('Atlas',28),('Chiapas FC',23),('Chivas',26),('Club Queretaro',29),('Club Tijuana',25),('Cruz Azul',23),('Leon',16),('Leones Negros',16),('Monterrey',27),('Morelia',13),('Pachuca',25),('Puebla',17),('Pumas',22),('Santos',22),('Tigres',29),('Toluca',24),('Veracruz',31);
/*!40000 ALTER TABLE `Equipo` ENABLE KEYS */;
UNLOCK TABLES;

--
-- Table structure for table `Jornada`
--

DROP TABLE IF EXISTS `Jornada`;
/*!40101 SET @saved_cs_client     = @@character_set_client */;
/*!40101 SET character_set_client = utf8 */;
CREATE TABLE `Jornada` (
  `Num_Jornada` int(5) NOT NULL,
  `Comienza` date NOT NULL,
  `Finaliza` date NOT NULL,
  PRIMARY KEY (`Num_Jornada`)
) ENGINE=InnoDB DEFAULT CHARSET=latin1;
/*!40101 SET character_set_client = @saved_cs_client */;

--
-- Dumping data for table `Jornada`
--

LOCK TABLES `Jornada` WRITE;
/*!40000 ALTER TABLE `Jornada` DISABLE KEYS */;
INSERT INTO `Jornada` VALUES (1,'2015-01-09','2015-01-11'),(2,'2015-01-16','2015-01-18'),(3,'2015-01-23','2015-01-25'),(4,'2015-01-30','2015-02-01'),(5,'2015-02-06','2015-02-08'),(6,'2015-02-13','2015-02-15'),(7,'2015-02-20','2015-02-22'),(8,'2015-02-27','2015-03-01'),(9,'2015-03-06','2015-03-08'),(10,'2015-03-13','2015-03-15'),(11,'2015-03-20','2015-03-22'),(12,'2015-04-03','2015-04-05'),(13,'2015-04-10','2015-04-12'),(14,'2015-04-17','2015-04-19'),(15,'2015-04-24','2015-04-28'),(16,'2015-05-01','2015-05-03'),(17,'2015-05-08','2015-05-10');
/*!40000 ALTER TABLE `Jornada` ENABLE KEYS */;
UNLOCK TABLES;

--
-- Table structure for table `Jugador`
--

DROP TABLE IF EXISTS `Jugador`;
/*!40101 SET @saved_cs_client     = @@character_set_client */;
/*!40101 SET character_set_client = utf8 */;
CREATE TABLE `Jugador` (
  `Id_Jugador` int(5) NOT NULL,
  `Nombre` varchar(30) NOT NULL,
  `Nom_Equipo` varchar(30) NOT NULL,
  `Posicion` varchar(20) NOT NULL,
  `Numero` int(10) DEFAULT NULL,
  `Amonestaciones` int(10) DEFAULT NULL,
  `Expulsiones` int(10) DEFAULT NULL,
  PRIMARY KEY (`Id_Jugador`)
) ENGINE=InnoDB DEFAULT CHARSET=latin1;
/*!40101 SET character_set_client = @saved_cs_client */;

--
-- Dumping data for table `Jugador`
--

LOCK TABLES `Jugador` WRITE;
/*!40000 ALTER TABLE `Jugador` DISABLE KEYS */;
INSERT INTO `Jugador` VALUES (1,'Moises Muñoz','America','Portero',23,1,0),(2,'Hugo Alfonso Gonzalez','America','Portero',1,0,0),(3,'Luis Pineda','America','Portero',13,0,0),(4,'Paolo Goltz','America','Defensa',2,5,0),(5,'Paul Nicolas Aguilar','America','Defensa',22,7,0),(6,'Pablo Cesar Aguilar','America','Defensa',12,7,2),(7,'Ventura Alvarado','America','Defensa',17,1,0),(8,'Miguel Angel Samudio','America','Defensa',6,0,4),(9,'Osmar Mares','America','Defensa',15,0,0),(10,'Erik Alan Pimentel','America','Defensa',4,0,0),(11,'Osvaldo David Martinez','America','Mediocampista',10,1,0),(12,'Rubens Sambueza','America','Mediocampista',14,5,0),(13,'Cristian Pellerano','America','Mediocampista',5,3,1),(14,'Jose Daniel Guerrero','America','Mediocampista',21,3,1),(15,'Moises Adrian Velasco','America','Mediocampista',8,0,0),(16,'Antonio Madueña','America','Mediocampista',27,0,0),(17,'Francisco Rivera','America','Mediocampista',93,0,0),(18,'Daniel Vazquez Sosa','America','Mediocampista',99,0,0),(19,'John Brandoon Gonzalez','America','Mediocampista',227,0,0),(20,'Carlos Rosel','America','Mediocampista',247,0,0),(21,'Carlos Darwin Quintero','America','Delantero',3,1,0),(22,'Dario Benedetto','America','Delantero',9,0,0),(23,'Michael Antonio Arroyo','America','Delantero',11,1,0),(24,'Oribe Peralta','America','Delantero',24,3,0),(25,'Martin Zuñiga','America','Delantero',28,0,0),(26,'Alejandro Diaz','America','Delantero',0,0,0),(27,'Carlos Eduardo Camacho','America','Delantero',101,0,0),(28,'Sergio Pulido','America','Delantero',0,0,0),(29,'Federico Vilar','Atlas','Portero',3,0,0),(30,'Miguel Angel Fraga','Atlas','Portero',30,0,0),(31,'Alan Alfredo Lopez','Atlas','Portero',21,0,0),(32,'Edgar Eduardo Castillo','Atlas','Defensa',1,7,0),(33,'Enrique Perez','Atlas','Defensa',2,3,0),(34,'Luis Gerardo Venegas','Atlas','Defensa',4,7,0),(35,'Walter Kannemann','Atlas','Defensa',5,10,1),(36,'Carlos Alberto Arreola','Atlas','Defensa',100,0,0),(37,'Juan Carlos Valenzuela','Atlas','Defensa',6,0,0),(38,'Rodrigo Godinez','Atlas','Defensa',24,0,0),(39,'Sergio Amaury Ponce','Atlas','Defensa',0,0,0),(40,'Aldo Leao Ramirez','Atlas','Mediocampista',8,3,0),(41,'Juan Carlos Medina','Atlas','Mediocampista',26,3,0),(42,'Arturo Gonzalez','Atlas','Mediocampista',15,0,0),(43,'Juan Pablo Rodriguez','Atlas','Mediocampista',10,1,1),(44,'Rodrigo Javier Millar','Atlas','Mediocampista',20,0,0),(45,'Edy German Brambilla','Atlas','Mediocampista',19,2,0),(46,'Pablo MAscareñas','Atlas','Mediocampista',22,4,0),(47,'Carlos Treviño','Atlas','Mediocampista',14,0,0),(48,'Martin Barragan','Atlas','Delantero',28,1,0),(49,'Luis Nery Caballero','Atlas','Delantero',9,4,0),(50,'Christian Suarez','Atlas','Delantero',13,1,0),(51,'Marcos da Silva','Atlas','Delantero',7,0,0),(52,'Daniel Alvarez','Atlas','Delantero',92,2,0),(53,'Carlos Ochoa','Atlas','Delantero',11,0,0),(54,'Juan de Dios Hernandez','Atlas','Delantero',18,1,0),(55,'Sergio Alejandro Garcia','Chiapas FC','Portero',28,1,0),(56,'Oscar Jimenez','Chiapas FC','Portero',21,0,0),(57,'Carlos Alberto Trejo','Chiapas FC','Portero',22,0,0),(58,'Cesar Lozano','Chiapas FC','Portero',1,0,0),(59,'Javier David Muñoz','Chiapas FC','Defensa',2,4,0),(60,'Horacio Servantes','Chiapas FC','Defensa',12,5,0),(61,'Edgar Dueñas','Chiapas FC','Defensa',4,3,1),(62,'Bruno Pereira Pires','Chiapas FC','Defensa',33,1,0),(63,'William Paredes','Chiapas FC','Defensa',3,4,1),(64,'Gabriel Farfan','Chiapas FC','Defensa',25,0,0),(65,'Juan Carlos Rojas','Chiapas FC','Defensa',15,0,0),(66,'Eloy Gonzalez','Chiapas FC','Defensa',27,0,0),(67,'Diego Ordaz','Chiapas FC','Defensa',23,0,0),(68,'Diego de la Torre','Chiapas FC','Mediocampista',5,2,0),(69,'Luis Alfonso Rodriguez','Chiapas FC','Mediocampista',24,2,0),(70,'Andres Andrade','Chiapas FC','Mediocampista',10,2,0),(71,'Wilson Tiago Mathias','Chiapas FC','Mediocampista',7,0,0),(72,'Christian Bermudez','Chiapas FC','Mediocampista',8,0,0),(73,'Alan Miguel Zamora','Chiapas FC','Mediocampista',20,1,0),(74,'Alberto Medina','Chiapas FC','Mediocampista',9,0,0),(75,'Edson Ivan Silva','Chiapas FC','Mediocampista',32,0,0),(76,'Cesar Villaluz','Chiapas FC','Mediocampista',17,0,0),(77,'Hugo Bueno','Chiapas FC','Mediocampista',16,0,0),(78,'Aviles Hurtado','Chiapas FC','Delantero',18,1,0),(79,'Vicente Matias Vuoso','Chiapas FC','Delantero',30,1,0),(80,'Franco Faustino Arizala','Chiapas FC','Delantero',11,1,0),(81,'Emiliano Daniel Armenteros','Chiapas FC','Delantero',35,4,0),(82,'Silvio Romero','Chiapas FC','Delantero',27,1,0),(83,'Isaac Alejandro Diaz','Chiapas FC','Delantero',14,0,0),(84,'Adrian Marin','Chiapas FC','Delantero',13,0,0),(85,'Mauricio Romero','Chiapas FC','Delantero',19,0,0),(86,'Julio Nava','Chiapas FC','Delantero',29,0,0),(87,'Luis Ernesto Michel','Chivas','Portero',29,0,0),(88,'Jose Antonio Rodriguez','Chivas','Portero',1,0,0),(89,'Miguel Jimenez Ponce','Chivas','Portero',34,1,0),(90,'Jair Pereira','Chivas','Defensa',4,4,0),(91,'Carlos Salcedo','Chivas','Defensa',13,3,0),(92,'Carlos Salcido','Chivas','Defensa',30,3,0),(93,'Nestor Vidrio','Chivas','Defensa',2,1,0),(94,'Patricio Araujo','Chivas','Defensa',5,1,0),(95,'Omar Esparza','Chivas','Defensa',6,0,0),(96,'Hedgardo Marin','Chivas','Defensa',27,0,0),(97,'Kristian Omar Alvarez','Chivas','Defensa',3,0,1),(98,'Raul Lopez','Chivas','Mediocampista',26,0,0),(99,'Israel Castro','Chivas','Mediocampista',20,4,0),(100,'Marco Fabian de la Mora','Chivas','Mediocampista',33,2,0),(101,'Miguel Angel Ponce','Chivas','Mediocampista',16,4,0),(102,'Giovani Hernandez','Chivas','Mediocampista',28,1,0),(103,'Angel Eduardo Reyna','Chivas','Mediocampista',10,0,0),(104,'Fernando Arce','Chivas','Mediocampista',15,2,0),(105,'David Toledo','Chivas','Mediocampista',19,1,0),(106,'Jorge Enriquez','Chivas','Mediocampista',14,0,0),(107,'Alberto Jorge Garcia','Chivas','Mediocampista',23,0,0),(108,'Antonio Gallardo','Chivas','Mediocampista',25,0,0),(109,'Isaac Brizuela','Chivas','Delantero',18,2,0),(110,'Omar Bravo','Chivas','Delantero',9,4,0),(111,'Carlos Eduardo Fierro','Chivas','Delantero',21,1,0),(112,'Aldo de Nigris','Chivas','Delantero',11,1,0),(113,'Erick Torres','Chivas','Delantero',31,0,0),(114,'Jose David Ramirez','Chivas','Delantero',90,1,0),(115,'Jesus Enrique Sanchez','Chivas','Delantero',17,0,0),(116,'Rafael Marquez','Chivas','Delantero',7,0,0),(117,'Tiago Luis Volpi','Club Queretaro','Portero',31,1,0),(118,'Victor Hugo Hernandez','Club Queretaro','Portero',0,0,0),(119,'Miguel Angel Martines','Club Queretaro','Defensa',3,4,0),(120,'Yasser Corona','Club Queretaro','Defensa',5,4,0),(121,'Ricardo Osorio','Club Queretaro','Defensa',6,1,0),(122,'George Ulises Corral','Club Queretaro','Defensa',2,5,1),(123,'Gil Giovanni Buron','Club Queretaro','Defensa',13,0,0),(124,'Jonathan Bornstein','Club Queretaro','Defensa',12,0,0),(125,'Kevin Gutierrez','Club Queretaro','Defensa',82,1,0),(126,'Jorge Arturo Echavarria','Club Queretaro','Defensa',0,0,0),(127,'Raul Rico','Club Queretaro','Defensa',0,0,0),(128,'Orbelin Pineda','Club Queretaro','Mediocampista',90,2,0),(129,'Danilinho','Club Queretaro','Mediocampista',8,1,1),(130,'Mario Humberto Osuna','Club Queretaro','Mediocampista',17,4,0),(131,'Antonio Naelson','Club Queretaro','Mediocampista',10,1,0),(132,'William Fernando da Silva','Club Queretaro','Mediocampista',11,1,0),(133,'Edgar Ivan Pacheco','Club Queretaro','Mediocampista',22,1,0),(134,'Marco Antonio Jimenez','Club Queretaro','Mediocampista',21,2,0),(135,'Victor Milke','Club Queretaro','Mediocampista',83,0,0),(136,'Juan Carlos Lopez','Club Queretaro','Mediocampista',26,1,0),(137,'Emilio Lopez','Club Queretaro','Mediocampista',24,0,0),(138,'Dionicio Escalante','Club Queretaro','Mediocampista',4,0,0),(139,'Edgar Pacheco','Club Queretaro','Mediocampista',22,0,0),(140,'Jaime Gomez Valencia','Club Queretaro','Mediocampista',81,0,0),(141,'Angel Baltazar Sepulveda','Club Queretaro','Delantero',15,0,0),(142,'Emanuel Villa','Club Queretaro','Delantero',30,1,0),(143,'Patricio Rubio','Club Queretaro','Delantero',9,4,0),(144,'Ronaldinho','Club Queretaro','Delantero',49,4,0),(145,'Camilo Da Silva Sanvezzo','Club Queretaro','Delantero',0,0,0),(146,'Cirilo Saucedo','Club Tijuana','Portero',13,2,0),(147,'Dilan Nicolletti','Club Tijuana','Portero',0,0,0),(148,'Manuel Gibran Lajud','Club Tijuana','Portero',25,0,0),(149,'Carlos Antonio Lopez','Club Tijuana','Portero',0,0,0),(150,'Jesus Roberto Chavez','Club Tijuana','Defensa',4,6,0),(151,'Javier Marcelo Gandolfi','Club Tijuana','Defensa',3,3,0),(152,'Juan Carlos Nuñez','Club Tijuana','Defensa',22,0,0),(153,'Gregory Garza','Club Tijuana','Defensa',24,3,0),(154,'Oliver Joseph Ortiz','Club Tijuana','Defensa',21,0,0),(155,'Elio Castro','Club Tijuana','Defensa',5,0,0),(156,'John Anthony Requejo','Club Tijuana','Defensa',0,0,0),(157,'Hernan Dario Pellerano','Club Tijuana','Defensa',0,0,0),(158,'Javier Guemez','Club Tijuana','Mediocampista',6,4,0),(159,'Richard Ruiz','Club Tijuana','Mediocampista',23,1,0),(160,'Juan Arango','Club Tijuana','Mediocampista',18,0,0),(161,'Joe Corona','Club Tijuana','Mediocampista',15,1,0),(162,'Edgar Villegas','Club Tijuana','Mediocampista',28,0,0),(163,'Javier Alvan Salas','Club Tijuana','Mediocampista',26,1,0),(164,'Alejandro Guido','Club Tijuana','Mediocampista',27,0,1),(165,'Luis Gerardo Chavez','Club Tijuana','Mediocampista',29,0,0),(166,'Paul Arriola','Club Tijuana','Mediocampista',20,0,0),(167,'Fernando David Arce','Club Tijuana','Mediocampista',0,0,0),(168,'Gabriel Hauche','Club Tijuana','Delantero',7,5,0),(169,'Dayro Moreno','Club Tijuana','Delantero',17,5,0),(170,'Alfredo Moreno','Club Tijuana','Delantero',9,3,0),(171,'Henry Josue Martin','Club Tijuana','Delantero',11,0,0),(172,'Ricardo Jesus Da Silva','Club Tijuana','Delantero',10,0,0),(173,'Jose Manuel Ayovi','Club Tijuana','Delantero',8,0,0),(174,'Jose garcia','Club Tijuana','Delantero',30,0,0),(175,'Jose de Jesus Corona','Cruz Azul','Portero',1,0,0),(176,'Guillermo Allison','Cruz Azul','Portero',12,0,0),(177,'Julio Cesar Dominguez','Cruz Azul','Defensa',4,2,0),(178,'Fausto Pinto','Cruz Azul','Defensa',2,2,0),(179,'Francisco Javier Rodriguez','Cruz Azul','Defensa',3,6,0),(180,'Gerardo Flores','Cruz Azul','Defensa',15,2,1),(181,'Rogelio Chavez','Cruz Azul','Defensa',16,0,0),(182,'Emanuel Loeschbor','Cruz Azul','Defensa',17,0,0),(183,'Manuel Madrid','Cruz Azul','Defensa',0,0,0),(184,'Xavier Ivan Baez','Cruz Azul','Mediocampista',21,1,0),(185,'Christian Gimenez','Cruz Azul','Mediocampista',10,3,0),(186,'Gerardo Torrado','Cruz Azul','Mediocampista',6,3,1),(187,'Rafael Baca','Cruz Azul','Mediocampista',22,0,0),(188,'Mauro Formica','Cruz Azul','Mediocampista',33,0,0),(189,'Alejandro Castro','Cruz Azul','Mediocampista',5,0,0),(190,'Rosario Enrique Cota Carrazco','Cruz Azul','Mediocampista',232,0,0),(191,'Omar Israel Mendoza','Cruz Azul','Mediocampista',28,0,0),(192,'Carlos David Lizarazo','Cruz Azul','Mediocampista',0,0,0),(193,'Rodrigo Fernandez','Cruz Azul','Mediocampista',0,0,0),(194,'Hernan Bernardello','Cruz Azul','Mediocampista',0,0,0),(195,'Pablo Gabriel Torres','Cruz Azul','Mediocampista',0,0,0),(196,'Joao Rojas','Cruz Azul','Delantero',11,4,1),(197,'Jose Carlos Toffolo','Cruz Azul','Delantero',8,1,0),(198,'Alejandro Vela','Cruz Azul','Delantero',19,1,0),(199,'Roque Santa Cruz','Cruz Azul','Delantero',9,1,0),(200,'Ismael Valadez','Cruz Azul','Delantero',18,0,0),(201,'Diego Israel Martinez','Cruz Azul','Delantero',0,0,0),(202,'Antonio Michael Pedroza','Cruz Azul','Delantero',20,0,0),(203,'William Paul Yarbrough','Leon','Portero',25,0,0),(204,'Christian Martinez','Leon','Portero',16,0,0),(205,'Cesar Rios','Leon','Portero',28,0,0),(206,'Edwin William Hernandez','Leon','Defensa',7,2,0),(207,'Juan Ignacio Gonzalez','Leon','Defensa',35,3,1),(208,'Jonny Magallon','Leon','Defensa',19,1,0),(209,'Fernando Navarro','Leon','Defensa',5,0,1),(210,'Jonathan Pablo Bottinelli','Leon','Defensa',15,3,1),(211,'Juan Carlos Pineda','Leon','Defensa',2,0,0),(212,'Juan Jose Vazquez','Leon','Mediocampista',23,1,1),(213,'Elias Hernan Hernandez','Leon','Mediocampista',8,2,0),(214,'Carlos Alberto Peña','Leon','Mediocampista',27,0,1),(215,'Jose Maria Cardenas','Leon','Mediocampista',6,2,1),(216,'Luis Montes','Leon','Mediocampista',10,2,0),(217,'Aldo Rocha','Leon','Mediocampista',29,0,0),(218,'Luis Antonio Delgado','Leon','Mediocampista',21,1,0),(219,'Alan de Jesus Paga','Leon','Mediocampista',105,0,0),(220,'Luis Miguel Franco','Leon','Mediocampista',30,0,0),(221,'Leonel Lopez','Leon','Mediocampista',32,0,0),(222,'Martin Bravo','Leon','Delantero',14,0,0),(223,'Miguel Sabah','Leon','Delantero',9,2,0),(224,'Ignacio Canuto','Leon','Delantero',4,2,0),(225,'Gonzalo Matias Rios','Leon','Delantero',18,2,0),(226,'Mauro Boselli','Leon','Delantero',17,3,0),(227,'Marcos Jackson Caicedo','Leon','Delantero',11,2,0),(228,'Alexis Rivera','Leon','Delantero',24,0,0),(229,'Jose Jair Ruiz Vargas','Leon','Delantero',99,0,0),(230,'Humberto Hernandez','Leones Negros','Portero',20,0,0),(231,'Ivan Vazquez','Leones Negros','Portero',1,0,0),(232,'Florencio Javier Moran','Leones Negros','Portero',27,0,0),(233,'Felix Araujo','Leones Negros','Defensa',16,6,0),(234,'Jairo Gonzalez','Leones Negros','Defensa',26,4,0),(235,'Marcelo Alatorre','Leones Negros','Defensa',3,7,0),(236,'Hector Reynoso','Leones Negros','Defensa',4,3,0),(237,'Leandro Cufr','Leones Negros','Defensa',25,3,0),(238,'Jose Wenceslao Diaz','Leones Negros','Defensa',14,1,0),(239,'Francisco Giovanni Leon','Leones Negros','Defensa',6,0,0),(240,'Christian Roberto Lopez','Leones Negros','Defensa',2,0,0),(241,'Fidel Vazquez','Leones Negros','Defensa',19,0,0),(242,'Marc Crosas','Leones Negros','Mediocampista',8,4,0),(243,'Luis Fernando Telles','Leones Negros','Mediocampista',17,2,0),(244,'Rodolfo Vilchis','Leones Negros','Mediocampista',18,0,0),(245,'Jesus Misael Vazquez','Leones Negros','Mediocampista',81,1,0),(246,'Jorge Hernandez','Leones Negros','Mediocampista',28,0,0),(247,'Christian Antonio Diaz','Leones Negros','Mediocampista',15,1,0),(248,'Diego Campos','Leones Negros','Mediocampista',35,0,0),(249,'Efren Mendoza','Leones Negros','Mediocampista',22,0,0),(250,'Josue Castillejos','Leones Negros','Mediocampista',5,0,0),(251,'Jonathan David Gonzalez','Leones Negros','Delantero',31,4,0),(252,'Fidel Martinez','Leones Negros','Delantero',10,7,1),(253,'Juan Luis Anangon','Leones Negros','Delantero',9,0,0),(254,'Jahir Alejandro Barraza','Leones Negros','Delantero',11,2,0),(255,'Fernando Guerrero','Leones Negros','Delantero',23,0,0),(256,'Andres Lorenzo Rios','Leones Negros','Delantero',7,1,0),(257,'Jonathan Emmanuel Orozco','Monterrey','Portero',1,1,0),(258,'Juan de Dios Ibarra','Monterrey','Portero',23,0,0),(259,'Alberto Cardenas','Monterrey','Portero',25,0,0),(260,'Justin Perez','Monterrey','Portero',0,0,0),(261,'Severo Meza','Monterrey','Defensa',2,6,0),(262,'Hiram Mier','Monterrey','Defensa',21,4,0),(263,'Efrain Velarde','Monterrey','Defensa',22,3,0),(264,'John Medina','Monterrey','Defensa',3,5,2),(265,'Alexander Mejia','Monterrey','Defensa',20,5,0),(266,'Luis Alberto Lopez','Monterrey','Defensa',29,3,0),(267,'Efrain Juarez','Monterrey','Defensa',6,0,0),(268,'Juan Antonio Portales','Monterrey','Defensa',0,0,0),(269,'Darvin Francisco Chavez','Monterrey','Defensa',5,1,0),(270,'Bernardo Hernandez','Monterrey','Defensa',14,0,0),(271,'Jorge Luis Caballero','Monterrey','Defensa',0,0,0),(272,'Neri Cardozo','Monterrey','Mediocampista',18,4,0),(273,'Jesus Eduardo Zavala','Monterrey','Mediocampista',17,3,0),(274,'Edwin Andres Cardona','Monterrey','Mediocampista',10,6,0),(275,'Candido Saul Ramirez','Monterrey','Mediocampista',16,0,0),(276,'Lucas Antonio Silva','Monterrey','Mediocampista',7,0,0),(277,'Diego Alberto Pacheco','Monterrey','Mediocampista',0,0,0),(278,'Mauricio Talancon','Monterrey','Mediocampista',0,0,0),(279,'Marcelo Gracia','Monterrey','Mediocampista',30,0,0),(280,'Carlos gael Acosta','Monterrey','Mediocampista',24,0,0),(281,'Pablo Barrera','Monterrey','Delantero',34,2,0),(282,'Dorlan Pabon','Monterrey','Delantero',8,2,0),(283,'Yimmi Javier Char','Monterrey','Delantero',9,0,0),(284,'Luis Guillermo Mdrigal','Monterrey','Delantero',11,1,0),(285,'Joaquin Alonso Hernandez','Monterrey','Delantero',13,0,0),(286,'Cesar Delgado','Monterrey','Delantero',19,0,0),(287,'Omar Arellano Riveron','Monterrey','Delantero',27,1,0),(288,'Carlos Felipe Rodriguez','Morelia','Portero',1,0,0),(289,'Jorge Villalpando','Morelia','Portero',21,0,0),(290,'Carlos Aurelio Lopez','Morelia','Portero',12,0,0),(291,'Carlos Morales','Morelia','Defensa',28,3,1),(292,'Joel Huiqui','Morelia','Defensa',6,5,0),(293,'Jefferson Cuero','Morelia','Defensa',15,2,0),(294,'Daniel Arreola','Morelia','Defensa',18,4,0),(295,'Luis Cardozo','Morelia','Defensa',19,3,0),(296,'Carlos Guzman','Morelia','Defensa',5,5,0),(297,'Marco AntonioPalacios','Morelia','Defensa',14,1,1),(298,'Jose Antonio Olvera','Morelia','Defensa',3,0,0),(299,'Luis Fernando Silva','Morelia','Defensa',4,2,0),(300,'Rafael Garcia Casanova','Morelia','Defensa',16,1,0),(301,'Carlos Calvo','Morelia','Defensa',25,2,0),(302,'Ignacio Gonzalez Espinoza','Morelia','Defensa',2,1,0),(303,'Felipe Baloy','Morelia','Defensa',7,1,0),(304,'Santiago Altamira','Morelia','Defensa',29,0,0),(305,'Christian Valdez','Morelia','Mediocampista',26,3,0),(306,'Jorge Alejandro Zarate','Morelia','Mediocampista',13,0,0),(307,'Mauro Cejas','Morelia','Mediocampista',8,0,0),(308,'Jose Hibert Alberto Ruiz','Morelia','Mediocampista',17,1,0),(309,'Armando Zamorano','Morelia','Mediocampista',22,0,1),(310,'Erick Aguirre','Morelia','Mediocampista',96,0,0),(311,'Luis Angel Morales','Morelia','Mediocampista',11,0,0),(312,'Hamilton Miguel Pereira','Morelia','Mediocampista',0,0,0),(313,'Martin Alaniz','Morelia','Mediocampista',0,0,0),(314,'Victor Emmanuel Guajardo','Morelia','Mediocampista',30,0,0),(315,'Yorleys Mena','Morelia','Delantero',9,0,0),(316,'David Alberto Depetris','Morelia','Delantero',10,1,0),(317,'Miguel Angel Sansores','Morelia','Delantero',27,2,0),(318,'Oscar Fernandez Monroy','Morelia','Delantero',31,1,0),(319,'Duvier Riascos','Morelia','Delantero',0,0,0),(320,'Oscar Perez','Pachuca','Portero',21,2,0),(321,'Sebastian Andres Fassi','Pachuca','Portero',32,0,0),(322,'Alfonso Blanco','Pachuca','Portero',13,0,0),(323,'Miguel Angel Herrera Equihua','Pachuca','Defensa',24,3,0),(324,'Rodolfo Pizarro','Pachuca','Defensa',7,4,0),(325,'Aquivaldo Mosquera','Pachuca','Defensa',3,6,2),(326,'Rodrigo Salinas','Pachuca','Defensa',29,6,0),(327,'Heriberto Olvera','Pachuca','Defensa',12,0,0),(328,'Heriberto Aguayo','Pachuca','Defensa',2,0,0),(329,'Marco Ivan Perez','Pachuca','Defensa',4,0,0),(330,'Walter Ayov','Pachuca','Mediocampista',10,3,0),(331,'Jurgen Damm','Pachuca','Mediocampista',25,1,0),(332,'Jorge Daniel Hernandez','Pachuca','Mediocampista',16,5,1),(333,'Erick Gabriel Gutierrez Galavi','Pachuca','Mediocampista',15,2,0),(334,'Diego Eduardo de Buen','Pachuca','Mediocampista',6,0,0),(335,'Junior Sornoza','Pachuca','Mediocampista',27,0,0),(336,'Simon Steven Almeida','Pachuca','Mediocampista',26,0,0),(337,'Hector Alejandro Mascorro','Pachuca','Mediocampista',175,0,0),(338,'Diego Mario Buonanotte','Pachuca','Mediocampista',30,0,0),(339,'Manuel Perez Ruiz','Pachuca','Mediocampista',0,0,0),(340,'Emilio Garcia','Pachuca','Mediocampista',0,0,0),(341,'Hirving Lozano','Pachuca','Delantero',8,1,0),(342,'Ariel Nahuelpan','Pachuca','Delantero',9,2,0),(343,'Christian Penilla','Pachuca','Delantero',11,0,0),(344,'German Ezequiel Cano','Pachuca','Delantero',14,1,0),(345,'Dario Cvitanich','Pachuca','Delantero',19,0,0),(346,'Guillermo Martinez Ayala','Pachuca','Delantero',22,1,0),(347,'Rodolfo Cota','Puebla','Portero',30,1,0),(348,'Hector Gerardo Estrada','Puebla','Portero',23,0,0),(349,'Fabian Israel Villaseñor','Puebla','Portero',1,0,0),(350,'Facundo Erpen','Puebla','Defensa',4,4,0),(351,'Mauricio Martin Romero','Puebla','Defensa',26,3,0),(352,'Oscar Rojas','Puebla','Defensa',12,1,0),(353,'Sergio Perez','Puebla','Defensa',24,0,0),(354,'Efrain Cortes','Puebla','Defensa',2,2,0),(355,'Juan Carlos de la Barrera','Puebla','Defensa',0,0,0),(356,'Mario de Luna','Puebla','Defensa',5,0,0),(357,'Michael Orozco','Puebla','Mediocampista',16,2,0),(358,'Flavio Jesus Santos','Puebla','Mediocampista',19,2,0),(359,'Luis Miguel Noriega','Puebla','Mediocampista',7,5,0),(360,'Francisco Torres','Puebla','Mediocampista',28,4,0),(361,'Jhon Fredy Pajoy','Puebla','Mediocampista',22,3,0),(362,'Luis Robles Ramirez','Puebla','Mediocampista',6,4,0),(363,'Alberto Joshimar Acosta','Puebla','Mediocampista',27,4,2),(364,'Gerardo Espinoza','Puebla','Mediocampista',8,0,0),(365,'Ricardo Esqueda','Puebla','Mediocampista',18,3,0),(366,'Eisner Ivan Loboa','Puebla','Mediocampista',20,1,0),(367,'Pablo Gonzales','Puebla','Mediocampista',25,0,0),(368,'Saul Villalobos','Puebla','Mediocampista',17,0,0),(369,'Luis Gabriel Rey','Puebla','Delantero',21,1,0),(370,'Matias Alustiza','Puebla','Delantero',11,1,0),(371,'Herculez Gomez','Puebla','Delantero',9,2,0),(372,'Wilberto Cosme','Puebla','Delantero',29,1,0),(373,'Cuauhtemoc Blanco','Puebla','Delantero',10,0,0),(374,'Alfonso Tamay','Puebla','Delantero',13,0,0),(375,'Luis Guadalupe Loroña','Puebla','Delantero',14,0,0),(376,'Alfredo Saldivar','Pumas','Portero',13,0,0),(377,'Yosgart Gutierrez','Pumas','Portero',17,0,0),(378,'Bernabe Magaña','Pumas','Portero',30,0,0),(379,'Luis Fernando Fuentes','Pumas','Defensa',5,0,0),(380,'Jose Carlos Van Rankin','Pumas','Defensa',2,2,1),(381,'Gerardo Alcoba','Pumas','Defensa',3,6,0),(382,'Dario Veron','Pumas','Defensa',4,5,0),(383,'Luis Fernando Quintana Vega','Pumas','Defensa',26,0,0),(384,'Jose Antonio Garcia','Pumas','Defensa',12,0,0),(385,'David Cabrera','Pumas','Mediocampista',8,5,1),(386,'Javier Cortes','Pumas','Mediocampista',11,2,0),(387,'Silvio Torales','Pumas','Mediocampista',6,4,1),(388,'Daniel Emmanuel Ludueña','Pumas','Mediocampista',10,0,0),(389,'Kevin Rafael Escamilla','Pumas','Mediocampista',34,0,0),(390,'Eduardo Herrera','Pumas','Delantero',15,2,0),(391,'Ismael Sosa','Pumas','Delantero',18,6,1),(392,'Matias Britos','Pumas','Delantero',20,2,0),(393,'Jesus Daniel Gallardo','Pumas','Delantero',31,1,0),(394,'Jonathan Raphael Ramis','Pumas','Delantero',7,1,0),(395,'Omar Islas','Pumas','Delantero',33,3,1),(396,'Dante Lopez','Pumas','Delantero',9,0,0),(397,'Alfonso Nieto','Pumas','Delantero',23,1,0),(398,'Roberto Daniel Ramirez','Pumas','Delantero',25,0,0),(399,'Agustin Federico Marchesin','Santos','Portero',1,4,1),(400,'Julio Jose Gonzalez','Santos','Portero',32,0,0),(401,'Jose Javier Abella','Santos','Defensa',94,7,0),(402,'Carlos Izquierdoz','Santos','Defensa',24,8,1),(403,'Adrian Aldrete','Santos','Defensa',16,6,1),(404,'Oswaldo Alanis Pantoja','Santos','Defensa',2,1,0),(405,'Nestor Alejandro Araujo','Santos','Defensa',14,1,0),(406,'Cesar Alberto Ibañez','Santos','Defensa',0,0,0),(407,'Hector Acosta','Santos','Defensa',13,0,0),(408,'Rafael Alejandro Figueroa','Santos','Defensa',19,0,0),(409,'Diego Hernan Gonzalez','Santos','Mediocampista',8,7,0),(410,'Nestor Calderon','Santos','Mediocampista',11,3,0),(411,'Jesus Antonio Molina','Santos','Mediocampista',4,6,0),(412,'Rodolfo Salinas','Santos','Mediocampista',17,1,0),(413,'Jesus Alonso Escoboza','Santos','Mediocampista',99,0,0),(414,'Luis Angel Mendoza','Santos','Mediocampista',9,0,0),(415,'Sergio Ceballos','Santos','Mediocampista',83,1,0),(416,'Carlos Emilio Orrantia','Santos','Mediocampista',23,0,0),(417,'Luis Alberto Lozoya','Santos','Mediocampista',86,0,0),(418,'Ulises Rivas','Santos','Mediocampista',88,0,0),(419,'Andres Yair Renteria','Santos','Delantero',7,5,0),(420,'Djaniny Tavares','Santos','Delantero',21,3,0),(421,'Javier Orozco','Santos','Delantero',27,0,0),(422,'Edson Ulises Rivera','Santos','Delantero',18,0,0),(423,'Nahuel Guzman','Tigres','Portero',1,3,0),(424,'Enrique Eduardo Palos','Tigres','Portero',22,0,0),(425,'Aaron Fernandez','Tigres','Portero',21,0,0),(426,'Hugo Ayala','Tigres','Defensa',4,1,0),(427,'Jose Arturo Rivas','Tigres','Defensa',24,7,0),(428,'Jorge Torres','Tigres','Defensa',6,5,0),(429,'Jorge Ivan Estrada','Tigres','Defensa',14,1,0),(430,'Israel Sabndi Jimenez','Tigres','Defensa',2,0,0),(431,'Antonio Briseño','Tigres','Defensa',25,1,0),(432,'Edgar Ivan Solis','Tigres','Defensa',20,0,0),(433,'Hugo Isaac Rodriguez','Tigres','Defensa',27,1,0),(434,'Alonso Zamora','Tigres','Defensa',35,0,0),(435,'Antonio de Jesus Arreguin','Tigres','Defensa',0,0,0),(436,'Juninho','Tigres','Defensa',3,0,0),(437,'Jesus Alberto Dueñas','Tigres','Mediocampista',29,6,0),(438,'Guido Pizarro','Tigres','Mediocampista',19,6,0),(439,'Joffre David Guerron','Tigres','Mediocampista',8,5,1),(440,'Edgar Gerardo Lugo','Tigres','Mediocampista',23,0,0),(441,'Egidio Arevalo','Tigres','Mediocampista',5,0,0),(442,'Hernan Dario Burbano','Tigres','Mediocampista',10,1,0),(443,'Damian Alvarez','Tigres','Mediocampista',11,2,0),(444,'Dieter Villalpando','Tigres','Mediocampista',28,0,0),(445,'Luis Genaro Castillo','Tigres','Mediocampista',0,0,0),(446,'Manuel Viniegra','Tigres','Mediocampista',15,0,0),(447,'Jose Francisco Torres','Tigres','Mediocampista',18,0,0),(448,'Jorge Jonathan Espericuela','Tigres','Mediocampista',34,0,0),(449,'Amaury Escoto','Tigres','Mediocampista',30,0,0),(450,'Ramon Antonio Garcia','Tigres','Mediocampista',0,0,0),(451,'Enrique Esqueda','Tigres','Delantero',16,1,1),(452,'Rafael Sobis','Tigres','Delantero',9,4,0),(453,'Abraham Dario Carreño','Tigres','Delantero',13,0,0),(454,'Uvaldo Luna','Tigres','Delantero',84,0,0),(455,'Alan Pulido','Tigres','Delantero',17,0,0),(456,'Omar Salgado','Tigres','Delantero',0,0,0),(457,'Alfredo Talavera','Toluca','Portero',1,4,0),(458,'Miguel Angel Centeno','Toluca','Portero',12,0,0),(459,'Liborio Vicente Sanchez','Toluca','Portero',22,0,0),(460,'Paulo Da Silva','Toluca','Defensa',4,4,0),(461,'Carlos Gerardo Rodriguez','Toluca','Defensa',6,3,0),(462,'Oscar Ricardo Roja','Toluca','Defensa',16,4,2),(463,'Jordan Silva','Toluca','Defensa',30,1,0),(464,'Aaron Galindo','Toluca','Defensa',8,2,0),(465,'Abraham Coronado','Toluca','Defensa',14,0,0),(466,'Francisco Gamboa','Toluca','Defensa',2,0,0),(467,'Miguel Almazan','Toluca','Defensa',20,0,0),(468,'Edgar Benitez','Toluca','Mediocampista',23,2,0),(469,'Carlos Esquivel','Toluca','Mediocampista',11,1,0),(470,'Richard Ortiz','Toluca','Mediocampista',24,5,0),(471,'Antonio Rios','Toluca','Mediocampista',15,5,0),(472,'Lucas Lobos','Toluca','Mediocampista',10,1,0),(473,'Christian Perez','Toluca','Mediocampista',5,0,0),(474,'Erbin Alejandro Trejo','Toluca','Mediocampista',26,0,0),(475,'Gabriel Velasco','Toluca','Mediocampista',21,0,0),(476,'Mario Alberto Quezada','Toluca','Mediocampista',27,0,0),(477,'Alejandro Navarro','Toluca','Mediocampista',25,0,0),(478,'Wilder Andres Guisao','Toluca','Delantero',13,2,0),(479,'Marco Antonio Bueno','Toluca','Delantero',17,1,0),(480,'Jeronimo Amione','Toluca','Delantero',19,1,1),(481,'Raul Nava','Toluca','Delantero',29,0,0),(482,'Victor Hugo Montaño','Toluca','Delantero',7,1,1),(483,'Sergio Javier Napoles','Toluca','Delantero',18,0,0),(484,'Pablo Velazquez','Toluca','Delantero',7,0,0),(485,'Edgar Meliton Hernandez','Veracruz','Portero',13,1,0),(486,'Leonin Pineda','Veracruz','Portero',25,0,0),(487,'Mario Rodriguez','Veracruz','Portero',26,0,0),(488,'Leiton Jimenez','Veracruz','Defensa',3,5,0),(489,'Leobardo Lopez','Veracruz','Defensa',23,4,0),(490,'Adrian Cortes','Veracruz','Defensa',2,0,0),(491,'Hugo Cid','Veracruz','Defensa',29,0,0),(492,'Rodrigo Javier Noya','Veracruz','Defensa',24,0,0),(493,'Emmanuel Gil','Veracruz','Defensa',7,0,0),(494,'Carlos Cardenas','Veracruz','Defensa',0,0,0),(495,'Jorge Reyes','Veracruz','Defensa',30,0,0),(496,'Victor Perales','Veracruz','Defensa',14,0,0),(497,'Oscar Mascorro','Veracruz','Defensa',4,0,0),(498,'Jesus Arturo Paganoni','Veracruz','Mediocampista',28,3,0),(499,'Emmanuel Garcia','Veracruz','Mediocampista',17,4,0),(500,'Fernando Meneses','Veracruz','Mediocampista',20,1,0),(501,'Juan Angel Albin','Veracruz','Mediocampista',10,2,0),(502,'Edgar Andrade','Veracruz','Mediocampista',18,3,0),(503,'Luis Alberto Sanchez','Veracruz','Mediocampista',1,0,0),(504,'Luis Antonio Martinez','Veracruz','Mediocampista',6,3,0),(505,'Jehu Chiapas','Veracruz','Mediocampista',5,0,0),(506,'Oscar Salvador Vera','Veracruz','Mediocampista',22,0,0),(507,'Ernest Nungaray','Veracruz','Mediocampista',221,0,0),(508,'Ernest Nungaray Arce','Veracruz','Mediocampista',221,0,0),(509,'Jesus Armando Sanchez','Veracruz','Mediocampista',15,0,0),(510,'Gabriel Peñalba','Veracruz','Delantero',8,6,0),(511,'Daniel Villalva','Veracruz','Delantero',9,3,0),(512,'Julio Furch','Veracruz','Delantero',11,2,0),(513,'Ricardo Michel Vazquez','Veracruz','Delantero',31,0,0),(514,'Hector Raul Mancilla','Veracruz','Delantero',0,0,0),(515,'Christian Martinez','Veracruz','Delantero',0,0,0),(516,'Victor Omar Mañon','Veracruz','Delantero',27,0,0),(517,'Pablo Hutt','Veracruz','Delantero',33,0,0);
/*!40000 ALTER TABLE `Jugador` ENABLE KEYS */;
UNLOCK TABLES;

--
-- Table structure for table `Partido`
--

DROP TABLE IF EXISTS `Partido`;
/*!40101 SET @saved_cs_client     = @@character_set_client */;
/*!40101 SET character_set_client = utf8 */;
CREATE TABLE `Partido` (
  `Id_Partido` int(5) NOT NULL,
  `Num_Jornada` int(5) NOT NULL,
  `Sede` int(5) NOT NULL,
  `Eq_Local` varchar(30) NOT NULL,
  `Eq_Visitante` varchar(30) NOT NULL,
  `Fecha` date DEFAULT NULL,
  `Hora` time DEFAULT NULL,
  PRIMARY KEY (`Id_Partido`,`Num_Jornada`,`Sede`),
  KEY `Num_Jornada` (`Num_Jornada`),
  KEY `Sede` (`Sede`),
  CONSTRAINT `Partido_ibfk_1` FOREIGN KEY (`Num_Jornada`) REFERENCES `Jornada` (`Num_Jornada`),
  CONSTRAINT `Partido_ibfk_2` FOREIGN KEY (`Sede`) REFERENCES `Sede` (`Id_Sede`)
) ENGINE=InnoDB DEFAULT CHARSET=latin1;
/*!40101 SET character_set_client = @saved_cs_client */;

--
-- Dumping data for table `Partido`
--

LOCK TABLES `Partido` WRITE;
/*!40000 ALTER TABLE `Partido` DISABLE KEYS */;
INSERT INTO `Partido` VALUES (1,1,10,'Santos','Veracruz','2015-01-09','20:00:00'),(2,1,20,'Morelia','Toluca','2015-01-09','21:30:00'),(3,1,30,'America','Leon','2015-01-10','17:00:00'),(4,1,40,'Puebla','Club Tijuana','2015-01-10','17:00:00'),(5,1,50,'Tigres','Atlas','2015-01-10','19:00:00'),(6,1,60,'Chiapas FC','Chivas','2015-01-10','21:00:00'),(7,1,70,'Pachuca','Cruz Azul','2015-01-10','21:00:00'),(8,1,80,'Pumas','Club Queretaro','2015-01-11','12:00:00'),(9,1,90,'Leones Negros','Monterrey','2015-01-11','17:00:00'),(10,2,10,'Club Queretaro','Leones Negros','2015-01-16','19:30:00'),(11,2,20,'Veracruz','Puebla','2015-01-16','20:30:00'),(12,2,30,'Club Tijuana','America','2015-01-16','21:30:00'),(13,2,40,'Cruz Azul','Santos','2015-01-17','17:00:00'),(14,2,50,'Monterrey','Pachuca','2015-01-17','19:00:00'),(15,2,60,'Leon','Tigres','2015-01-17','20:00:00'),(16,2,70,'Atlas','Morelia','2015-01-17','21:00:00'),(17,2,80,'Toluca','Chiapas FC','2015-01-18','12:00:00'),(18,2,90,'Chivas','Pumas','2015-01-18','17:00:00'),(19,3,10,'Morelia','Leon','2015-01-23','19:30:00'),(20,3,20,'Veracruz','Cruz Azul','2015-01-23','20:30:00'),(21,3,30,'Santos','Monterrey','2015-01-23','21:30:00'),(22,3,40,'America','Puebla','2015-01-24','17:00:00'),(23,3,50,'Tigres','Club Tijuana','2015-01-24','19:00:00'),(24,3,60,'Pachuca','Club Queretaro','2015-01-24','20:00:00'),(25,3,70,'Chiapas FC','Atlas','2015-01-24','21:00:00'),(26,3,80,'Pumas','Toluca','2015-01-25','12:00:00'),(27,3,90,'Leones Negros','Chivas','2015-01-25','17:00:00'),(28,4,10,'Club Queretaro','Santos','2015-01-30','19:30:00'),(29,4,20,'Club Tijuana','Morelia','2015-01-30','20:30:00'),(30,4,30,'America','Tigres','2015-01-31','21:30:00'),(31,4,40,'Puebla','Cruz Azul','2015-01-31','17:00:00'),(32,4,50,'Chivas','Pachuca','2015-01-31','19:00:00'),(33,4,60,'Monterrey','Veracruz','2015-01-31','20:00:00'),(34,4,70,'Leon','Chiapas FC','2015-01-31','21:00:00'),(35,4,80,'Atlas','Pumas','2015-01-31','12:00:00'),(36,4,90,'Toluca','Leones Negros','2015-01-25','17:00:00'),(37,5,10,'Morelia','America','2015-02-06','19:30:00'),(38,5,20,'Veracruz','Club Queretaro','2015-02-06','20:30:00'),(39,5,30,'Santos','Chivas','2015-02-06','21:30:00'),(40,5,40,'Cruz Azul','Monterrey','2015-02-07','17:00:00'),(41,5,50,'Tigres','Puebla','2015-02-07','19:00:00'),(42,5,60,'Pachuca','Toluca','2015-02-07','20:00:00'),(43,5,70,'Chiapas FC','Club Tijuana','2015-02-07','21:00:00'),(44,5,80,'Pumas','Leon','2015-02-08','12:00:00'),(45,5,90,'Leones Negros','Atlas','2015-02-08','17:00:00'),(46,6,10,'Club Queretaro','Cruz Azul','2015-02-13','19:30:00'),(47,6,20,'Club Tijuana','Pumas','2015-02-13','20:30:00'),(48,6,30,'America','Chiapas FC','2015-02-14','21:30:00'),(49,6,40,'Puebla','Monterrey','2015-02-14','17:00:00'),(50,6,50,'Tigres','Morelia','2015-02-14','19:00:00'),(51,6,60,'Leon','Leones Negros','2015-02-14','20:00:00'),(52,6,70,'Atlas','Pachuca','2015-02-14','21:00:00'),(53,6,80,'Toluca','Santos','2015-02-15','12:00:00'),(54,6,90,'Chivas','Veracruz','2015-02-15','17:00:00'),(55,7,10,'Morelia','Puebla','2015-02-20','19:30:00'),(56,7,20,'Veracruz','Toluca','2015-02-20','20:30:00'),(57,7,30,'Santos','Atlas','2015-02-20','21:30:00'),(58,7,40,'Cruz Azul','Chivas','2015-02-21','17:00:00'),(59,7,50,'Monterrey','Club Queretaro','2015-02-21','19:00:00'),(60,7,60,'Pachuca','Leon','2015-02-21','20:00:00'),(61,7,70,'Chiapas FC','Tigres','2015-02-21','21:00:00'),(62,7,80,'Pumas','America','2015-02-22','12:00:00'),(63,7,90,'Leones Negros','Club Tijuana','2015-02-22','17:00:00'),(64,8,10,'Morelia','Chiapas FC','2015-02-27','19:30:00'),(65,8,20,'Club Tijuana','Pachuca','2015-02-27','20:30:00'),(66,8,30,'America','Leones Negros','2015-02-28','21:30:00'),(67,8,40,'Puebla','Club Queretaro','2015-02-28','17:00:00'),(68,8,50,'Tigres','Pumas','2015-02-28','19:00:00'),(69,8,60,'Leon','Santos','2015-02-28','20:00:00'),(70,8,70,'Atlas','Veracruz','2015-02-28','21:00:00'),(71,8,80,'Toluca','Cruz Azul','2015-03-01','12:00:00'),(72,8,90,'Chivas','Monterrey','2015-03-01','17:00:00'),(73,9,10,'Veracruz','Leon','2015-03-06','19:30:00'),(74,9,20,'Club Queretaro','Chivas','2015-03-06','20:30:00'),(75,9,30,'Cruz Azul','Atlas','2015-03-07','21:30:00'),(76,9,40,'Monterrey','Toluca','2015-03-07','17:00:00'),(77,9,50,'Santos','Club Tijuana','2015-03-07','19:00:00'),(78,9,60,'Pachuca','America','2015-03-07','20:00:00'),(79,9,70,'Chiapas FC','Puebla','2015-03-07','21:00:00'),(80,9,80,'Pumas','Morelia','2015-03-08','12:00:00'),(81,9,90,'Leones Negros','Tigres','2015-03-08','17:00:00'),(82,10,10,'Morelia','Leones Negros','2015-02-13','19:30:00'),(83,10,20,'Club Tijuana','Veracruz','2015-02-13','20:30:00'),(84,10,30,'Puebla','Chivas','2015-02-14','21:30:00'),(85,10,40,'America','Santos','2015-02-14','17:00:00'),(86,10,50,'Tigres','Pachuca','2015-02-14','19:00:00'),(87,10,60,'Leon','Cruz Azul','2015-02-14','20:00:00'),(88,10,70,'Chiapas Fc','Pumas','2015-02-14','21:00:00'),(89,10,80,'Atlas','Monterrey','2015-03-14','21:00:00'),(90,10,90,'Toluca','Club Queretaro','2015-03-15','17:00:00'),(91,11,10,'Club Queretaro','Atlas','2015-03-20','20:00:00'),(92,11,20,'Veracruz','America','2015-03-20','21:30:00'),(93,11,30,'Santos','Tigres','2015-03-20','17:00:00'),(94,11,40,'Cruz Azul','Club Tijuana','2015-03-21','17:00:00'),(95,11,50,'Monterrey','Leon','2015-03-21','19:00:00'),(96,11,60,'Pachuca','Morelia','2015-03-21','21:00:00'),(97,11,70,'Leones Negros','Chiapas FC','2015-03-21','21:00:00'),(98,11,80,'Pumas','Puebla','2015-03-22','12:00:00'),(99,11,90,'Chivas','Toluca','2015-03-22','17:00:00'),(100,12,10,'Morelia','Santos','2015-04-03','20:00:00'),(101,12,20,'Puebla','Toluca','2015-04-04','21:30:00'),(102,12,30,'America','Cruz Azul','2015-04-04','17:00:00'),(103,12,40,'Chiapas FC','Pachuca','2015-04-04','17:00:00'),(104,12,50,'Tigres','Veracruz','2015-04-04','19:00:00'),(105,12,60,'Leon','Club Queretaro','2015-04-04','21:00:00'),(106,12,70,'Atlas','Chivas','2015-04-04','21:00:00'),(107,12,80,'Club Tijuana','Monterrey','2015-04-04','12:00:00'),(108,12,90,'Pumas','Leones Negros','2015-04-05','17:00:00'),(109,13,10,'Club Queretaro','Club Tijuana','2015-04-10','20:00:00'),(110,13,20,'Veracruz','Morelia','2015-04-10','21:30:00'),(111,13,30,'Santos','Chiapas FC','2015-04-10','17:00:00'),(112,13,40,'Cruz Azul','Tigres','2015-04-11','17:00:00'),(113,13,50,'Monterrey','America','2015-04-11','19:00:00'),(114,13,60,'Pachuca','Pumas','2015-04-11','21:00:00'),(115,13,70,'Leones Negros','Puebla','2015-04-11','21:00:00'),(116,13,80,'Toluca','Atlas','2015-04-12','12:00:00'),(117,13,90,'Chivas','Leon','2015-04-12','17:00:00'),(118,14,10,'Morelia','Cruz Azul','2015-04-17','20:00:00'),(119,14,20,'Chiapas FC','Veracruz','2015-04-17','21:30:00'),(120,14,30,'Club Tijuana','Chivas','2015-04-17','17:00:00'),(121,14,40,'Puebla','Atlas','2015-04-18','17:00:00'),(122,14,50,'America','Club Queretaro','2015-04-18','19:00:00'),(123,14,60,'Tigres','Monterrey','2015-04-18','21:00:00'),(124,14,70,'Leon','Toluca','2015-04-18','21:00:00'),(125,14,80,'Pumas','Santos','2015-04-19','12:00:00'),(126,14,90,'Leones Negros','Pachuca','2015-04-19','17:00:00'),(127,15,10,'Club Queretaro','Tigres','2015-04-24','20:00:00'),(128,15,20,'Veracruz','Pumas','2015-04-24','21:30:00'),(129,15,30,'Santos','Leones Negros','2015-04-24','17:00:00'),(130,15,40,'Cruz Azul','Chiapas FC','2015-04-25','17:00:00'),(131,15,50,'Monterrey','Morelia','2015-04-25','19:00:00'),(132,15,60,'Pachuca','Puebla','2015-04-25','21:00:00'),(133,15,70,'Atlas','Leon','2015-04-25','21:00:00'),(134,15,80,'Toluca','Club Tijuana','2015-04-26','12:00:00'),(135,15,90,'Chivas','America','2015-04-26','17:00:00'),(136,16,10,'Morelia','Club Queretaro','2015-05-01','20:00:00'),(137,16,20,'Club Tijuana','Atlas','2015-05-01','21:30:00'),(138,16,30,'Puebla','Leon','2015-05-02','17:00:00'),(139,16,40,'Tigres','Chivas','2015-05-02','17:00:00'),(140,16,50,'America','Toluca','2015-05-02','19:00:00'),(141,16,60,'Pachuca','Santos','2015-05-02','21:00:00'),(142,16,70,'Chiapas FC','Monterrey','2015-05-02','21:00:00'),(143,16,80,'Pumas','Cruz Azul','2015-05-03','12:00:00'),(144,16,90,'Leones Negros','Veracruz','2015-05-03','17:00:00'),(145,17,10,'Club Queretaro','Chiapas FC','2015-05-08','20:00:00'),(146,17,20,'Veracruz','Pachuca','2015-05-08','21:30:00'),(147,17,30,'Monterrey','Pumas','2015-05-09','17:00:00'),(148,17,40,'Leon','Club Tijuana','2015-05-09','17:00:00'),(149,17,50,'Cruz Azul','Leones Negros','2015-05-09','19:00:00'),(150,17,60,'Santos','Puebla','2015-05-09','21:00:00'),(151,17,70,'Atlas','America','2015-05-09','21:00:00'),(152,17,80,'Toluca','Tigres','2015-05-10','12:00:00'),(153,17,90,'Chivas','Morelia','2015-05-10','17:00:00');
/*!40000 ALTER TABLE `Partido` ENABLE KEYS */;
UNLOCK TABLES;

--
-- Table structure for table `Resultados`
--

DROP TABLE IF EXISTS `Resultados`;
/*!40101 SET @saved_cs_client     = @@character_set_client */;
/*!40101 SET character_set_client = utf8 */;
CREATE TABLE `Resultados` (
  `Id_Partido` int(5) NOT NULL,
  `Marcador` varchar(10) NOT NULL,
  `Ganador` varchar(30) NOT NULL,
  `Perdedor` varchar(30) NOT NULL,
  `Empate` tinyint(1) DEFAULT NULL,
  `Puntos_Ganados` int(10) DEFAULT NULL,
  `Asistencia` int(10) NOT NULL,
  PRIMARY KEY (`Id_Partido`,`Ganador`,`Perdedor`),
  CONSTRAINT `Resultados_ibfk_1` FOREIGN KEY (`Id_Partido`) REFERENCES `Partido` (`Id_Partido`)
) ENGINE=InnoDB DEFAULT CHARSET=latin1;
/*!40101 SET character_set_client = @saved_cs_client */;

--
-- Dumping data for table `Resultados`
--

LOCK TABLES `Resultados` WRITE;
/*!40000 ALTER TABLE `Resultados` DISABLE KEYS */;
INSERT INTO `Resultados` VALUES (1,'1-2','Veracruz','Santos',0,3,90000),(2,'0-0','Morelia','Toluca',1,1,50000),(3,'3-2','America','Leon',0,3,20000),(4,'2-1','Puebla','Club Tijuana',0,3,30000),(5,'0-1','Atlas','Tigres',0,3,40000),(6,'2-1','Chiapas FC','Chivas',0,3,30000),(7,'0-1','Cruz Azul','Pachuca',0,3,30000),(8,'1-1','Pumas','Club Queretaro',1,1,40000),(9,'1-0','Leones Negros','Monterrey',0,3,29000),(10,'1-0','Club Queretaro','Leones Negros',0,3,90000),(11,'3-1','Veracruz','Puebla',0,3,50000),(12,'1-0','Club Tijuana','America',0,3,23000),(13,'1-0','Cruz Azul','Santos',0,3,30000),(14,'1-0','Monterrey','Pachuca',0,3,40000),(15,'0-1','Tigres','Leon',0,3,29000),(16,'2-1','Atlas','Morelia',0,3,90000),(17,'3-0','Toluca','Chiapas FC',0,3,20000),(18,'2-1','Chivas','Pumas',0,3,30000),(19,'0-0','Morelia','Leon',1,1,25000),(20,'0-0','Veracruz','Cruz Azul',1,1,30000),(21,'4-1','Santos','Monterrey',0,3,35000),(22,'0-0','America','Puebla',1,1,40000),(23,'1-2','Club Tijuana','Tigres',0,3,30000),(24,'2-1','Pachuca','Club Queretaro',0,3,30000),(25,'3-1','Chiapas FC','Atlas',0,3,40000),(26,'3-2','Pumas','Toluca',0,3,50000),(27,'1-1','Leones Negros','Chivas',1,1,40000),(28,'0-1','Santos','Club Queretaro',0,3,30000),(29,'4-2','Club Tijuana','Morelia',0,3,30000),(30,'1-0','America','Tigres',0,3,30000),(31,'0-0','Puebla','Cruz Azul',1,1,25000),(32,'1-0','Chivas','Pachuca',0,3,40000),(33,'1-1','Monterrey','Veracruz',1,1,30000),(34,'1-1','Leon','Chiapas FC',1,1,30000),(35,'1-1','Atlas','Pumas',1,1,30000),(36,'3-1','Toluca','Leones Negros',0,3,40000),(37,'2-2','Morelia','America',1,1,35000),(38,'1-1','Veracruz','Club Queretaro',1,1,40000),(39,'1-0','Santos','Chivas',0,3,50000),(40,'1-0','Cruz Azul','Monterrey',0,3,45000),(41,'1-0','Tigres','Puebla',0,3,40000),(42,'1-1','Pachuca','Toluca',1,1,50000),(43,'2-2','Chiapas FC','Club Tijuana',1,1,35000),(44,'1-3','Leon','Pumas',0,3,55000),(45,'0-2','Atlas','Leones Negros',0,3,35000),(46,'1-2','Club Queretaro','Cruz Azul',0,3,20000),(47,'3-0','Club Tijuana','Pumas',0,3,40000),(48,'5-0','America','Chiapas FC',0,3,35000),(49,'2-0','Puebla','Monterrey',0,3,40000),(50,'1-0','Tigres','Morelia',0,3,35000),(51,'2-1','Leon','Leones Negros',0,3,30000),(52,'1-3','Pachuca','Atlas',0,3,40000),(53,'2-2','Toluca','Santos',1,1,30000),(54,'0-0','Chivas','Veracruz',1,1,25000),(55,'1-2','Puebla','Morelia',0,3,40000),(56,'3-0','Veracruz','Toluca',0,3,30000),(57,'0-1','Atlas','Santos',0,3,30000),(58,'1-2','Chivas','Cruz Azul',0,3,40000),(59,'2-1','Monterrey','Club Queretaro',0,3,40000),(60,'2-1','Pachuca','Leon',0,3,25000),(61,'1-0','Chiapas FC','Tigres',0,3,40000),(62,'0-1','America','Pumas',0,3,40000),(63,'0-1','Club Tijuana','Leones Negros',0,3,30000),(64,'3-2','Morelia','Chiapas FC',0,3,30000),(65,'3-2','Club Tijuana','Pachuca',0,3,45000),(66,'0-1','Leones Negros','America',0,3,30000),(67,'4-1','Puebla','Club Queretaro',0,3,35000),(68,'3-0','Tigres','Pumas',0,3,35000),(69,'2-1','Leon','Santos',0,3,40000),(70,'0-3','Veracruz','Atlas',0,3,30000),(71,'1-0','Toluca','Cruz Azul',0,3,35000),(72,'3-0','Chivas','Monterrey',0,3,30000),(73,'1-0','Veracruz','Leon',0,3,35000),(74,'1-0','Club Queretaro','Chivas',0,3,45000),(75,'1-1','Cruz Azul','Atlas',1,1,35000),(76,'3-2','Monterrey','Toluca',0,3,40000),(77,'1-1','Santos','Club Tijuana',1,1,36000),(78,'0-0','Pachuca','America',1,1,35000),(79,'2-2','Chiapas FC','Puebla',1,1,40000),(80,'2-1','Pumas','Morelia',0,3,40000),(81,'2-1','Leones Negros','Tigres',0,3,45000),(82,'0-1','Leones Negros','Morelia',0,3,45000),(83,'3-1','Club Tijuana','Veracruz',0,3,30000),(84,'1-2','Chivas','Puebla',0,3,30000),(85,'1-0','America','Santos',0,3,40000),(86,'2-1','Tigres','Pachuca',0,3,30000),(87,'2-2','Leon','Cruz Azul',1,1,25000),(88,'0-2','Pumas','Chiapas FC',0,3,50000),(89,'2-1','Atlas','Monterrey',0,3,40000),(90,'1-0','Toluca','Club Queretaro',0,3,40000),(91,'2-0','Club Queretaro','Atlas',0,3,30000),(92,'4-0','Veracruz','America',0,3,40000),(93,'2-2','Santos','Tigres',1,1,30000),(94,'2-1','Cruz Azul','Club Tijuana',0,3,35000),(95,'5-1','Monterrey','Leon',0,3,35000),(96,'2-0','Pachuca','Morelia',0,3,35000),(97,'0-1','Chiapas FC','Leones Negros',0,3,30000),(98,'2-1','Pumas','Puebla',0,3,35000),(99,'1-0','Chivas','Toluca',0,3,35000),(100,'0-1','Santos','Morelia',0,3,30000),(101,'0-1','Toluca','Puebla',0,3,35000),(102,'1-0','America','Cruz Azul',0,3,40000),(103,'2-2','Chiapas FC','Pachuca',1,1,25000),(104,'3-1','Tigres','Veracruz',0,3,35000),(105,'4-5','Club Queretaro','Leon',0,3,35000),(106,'1-1','Atlas','Chivas',1,1,25000),(107,'3-4','Monterrey','Club Tijuana',0,3,35000),(108,'2-0','Pumas','Leones Negros',0,3,30000),(109,'2-1','Club Queretaro','Club Tijuana',0,3,35000),(110,'1-1','Veracruz','Morelia',1,1,20000),(111,'4-3','Santos','Chiapas FC',0,3,25000),(112,'2-0','Cruz Azul','Tigres',0,3,26000),(113,'1-1','Monterrey','America',1,1,35000),(114,'3-1','Pachuca','Pumas',0,3,25000),(115,'1-1','Leones Negros','Puebla',1,1,50000),(116,'0-0','Toluca','Atlas',1,1,40000),(117,'1-0','Chivas','Leon',0,3,25000),(118,'2-0','Morelia','Cruz Azul',0,3,35000),(119,'1-1','Chiapas FC','Veracruz',1,1,25000),(120,'1-1','Club Tijuana','Chivas',1,1,35000),(121,'0-1','Atlas','Puebla',0,3,35000),(122,'0-4','Club Queretaro','America',0,3,35000),(123,'3-0','Tigres','Monterrey',0,3,30000),(124,'1-1','Leon','Toluca',1,1,25000),(125,'1-0','Pumas','Santos',0,3,25000),(126,'1-1','Leones Negros','Pachuca',1,1,30000),(127,'1-3','Tigres','Club Queretaro',0,3,40000),(128,'3-3','Veracruz','Pumas',1,1,35000),(129,'1-0','Santos','Leones Negros',0,3,30000),(130,'0-1','Chiapas FC','Cruz Azul',0,3,35000),(131,'1-0','Monterrey','Morelia',0,3,25000),(132,'2-1','Pachuca','Puebla',0,3,40000),(133,'3-2','Atlas','Leon',0,3,35000),(134,'2-0','Toluca','Club Tijuana',0,3,35000),(135,'1-1','Chivas','America',1,1,25000),(136,'1-2','Club Queretaro','Morelia',0,3,35000),(137,'1-2','Atlas','Club Tijuana',0,3,35000),(138,'2-0','Puebla','Leon',0,3,30000),(139,'2-1','Tigres','Chivas',0,3,30000),(140,'3-1','America','Toluca',0,3,30000),(141,'2-3','Pachuca','Santos',0,3,30000),(142,'0-2','Monterrey','Chiapas FC',0,3,30000),(143,'0-1','Cruz Azul','Pumas',0,3,30000),(144,'1-2','Veracruz','Leones Negros',0,3,25000),(145,'1-0','Club Queretaro','Chiapas FC',0,3,35000),(146,'1-2','Pachuca','Veracruz',0,3,40000),(147,'2-2','Monterrey','Pumas',1,1,35000),(148,'6-2','Leon','Club Tijuana',0,3,35000),(149,'0-2','Leones Negros','Cruz Azul',0,3,25000),(150,'2-2','Santos','Puebla',1,1,30000),(151,'1-2','America','Atlas',0,3,45000),(152,'0-0','Toluca','Tigres',1,1,26000),(153,'2-3','Morelia','Chivas',0,3,35000);
/*!40000 ALTER TABLE `Resultados` ENABLE KEYS */;
UNLOCK TABLES;

--
-- Table structure for table `Sede`
--

DROP TABLE IF EXISTS `Sede`;
/*!40101 SET @saved_cs_client     = @@character_set_client */;
/*!40101 SET character_set_client = utf8 */;
CREATE TABLE `Sede` (
  `Id_Sede` int(5) NOT NULL,
  `Nombre` varchar(20) DEFAULT NULL,
  `Capacidad` varchar(10) DEFAULT NULL,
  PRIMARY KEY (`Id_Sede`)
) ENGINE=InnoDB DEFAULT CHARSET=latin1;
/*!40101 SET character_set_client = @saved_cs_client */;

--
-- Dumping data for table `Sede`
--

LOCK TABLES `Sede` WRITE;
/*!40000 ALTER TABLE `Sede` DISABLE KEYS */;
INSERT INTO `Sede` VALUES (0,NULL,NULL),(10,'Azteca','95,500\r'),(20,'Jalisco','57,713\r'),(30,'Victor Manuel Reyna','28,000\r'),(40,'Azul','32,904\r'),(50,'Omnilife','49,850\r'),(60,'Leon','33,944\r'),(70,'Tecnologico','38,622\r'),(80,'Morelos','41,500\r'),(90,'Hidalgo','30,000\r');
/*!40000 ALTER TABLE `Sede` ENABLE KEYS */;
UNLOCK TABLES;
/*!40103 SET TIME_ZONE=@OLD_TIME_ZONE */;

/*!40101 SET SQL_MODE=@OLD_SQL_MODE */;
/*!40014 SET FOREIGN_KEY_CHECKS=@OLD_FOREIGN_KEY_CHECKS */;
/*!40014 SET UNIQUE_CHECKS=@OLD_UNIQUE_CHECKS */;
/*!40101 SET CHARACTER_SET_CLIENT=@OLD_CHARACTER_SET_CLIENT */;
/*!40101 SET CHARACTER_SET_RESULTS=@OLD_CHARACTER_SET_RESULTS */;
/*!40101 SET COLLATION_CONNECTION=@OLD_COLLATION_CONNECTION */;
/*!40111 SET SQL_NOTES=@OLD_SQL_NOTES */;

-- Dump completed on 2015-05-21 20:26:38
